U_gain	E_gain	16_RANGE2c	16_RANGE2f	26_RANGE2c	26_RANGE2f	16c	16f	26c	26f	30c	30f	60c	60f	90c	90f	120c	120f	150c	150f	170c	170f	150_BOOSTc	150_BOOSTf	170_BOOSTc	170_BOOSTf
0.0006683511301557373	0.4475537835940645	0	0	0.03125	0.34375	0	0	0	0	0	0	0	0	0	0	0	0	0.0625	0.0625	0.3125	0.1875	0	0	0	0
-0.00023763594395710943	0.15800356679441854	0	0	0	0.21875	0	0	0	0	0	0	0	0	0	0	0	0	0.125	0.09375	0.25	0.3125	0	0	0	0
-0.00019565923165573834	0.30248212716248235	0	0	0	0.3125	0	0	0	0.03125	0	0	0	0	0	0	0	0	0	0.09375	0.28125	0.28125	0	0	0	0
-0.00035946878660319967	0.21577360980011895	0	0	0	0.28125	0	0	0	0	0	0	0	0	0	0	0	0	0.0625	0.09375	0.28125	0.28125	0	0	0	0
-0.0005192115005960084	0.35926229968688905	0	0	0	0.34375	0	0	0	0	0	0	0	0	0	0	0	0	0.09375	0.125	0.15625	0.28125	0	0	0	0
7.542407384021803e-05	0.16132484475222172	0	0	0	0.25	0	0	0	0	0	0	0	0	0	0	0	0.03125	0.125	0.15625	0.25	0.1875	0	0	0	0
0.00018924729202093616	0.4597935678961579	0	0	0	0.34375	0	0	0	0	0	0	0	0	0	0	0	0	0.125	0.15625	0.28125	0.09375	0	0	0	0
-0.00026115270349442803	0.4370226635980954	0	0	0.0625	0.375	0	0	0	0	0	0	0	0	0	0	0	0.03125	0.125	0.0625	0.28125	0.0625	0	0	0	0
-0.00037396271214096705	0.4496640826690793	0	0	0	0.40625	0	0	0	0	0	0	0	0	0	0	0	0	0.09375	0.0625	0.25	0.1875	0	0	0	0
0.0006107157510002498	0.19775274017263728	0	0	0	0.28125	0	0	0	0	0	0	0	0	0	0	0	0	0.09375	0.03125	0.21875	0.375	0	0	0	0
0.0006955644020486311	0.227738220596692	0	0	0	0.28125	0	0	0	0	0	0	0	0	0	0	0	0	0	0.0625	0.40625	0.25	0	0	0	0
0.00012802328435387256	0.5673225528336096	0	0	0	0.5	0	0	0	0	0	0	0	0	0	0	0	0	0.15625	0.0625	0.21875	0.0625	0	0	0	0
-8.29801811962106e-05	0.17643499368103224	0	0	0	0.21875	0	0	0	0	0	0	0	0	0	0	0	0	0.0625	0.09375	0.28125	0.34375	0	0	0	0
-8.605392540654486e-05	0.33329218387595	0	0	0	0.3125	0	0	0	0	0	0	0	0	0	0	0	0.03125	0	0.09375	0.34375	0.21875	0	0	0	0
0.0016123463200159607	0.14949862632018604	0	0	0	0.25	0	0	0	0	0	0	0	0	0	0	0	0	0.09375	0.0625	0.3125	0.28125	0	0	0	0
-0.0003339256907736585	0.46827414494629127	0	0	0	0.4375	0	0	0	0	0	0	0	0	0	0	0	0	0.0625	0.03125	0.34375	0.125	0	0	0	0
0.0010351016700657452	0.3612067649444561	0	0	0	0.28125	0	0	0	0	0	0	0	0	0	0	0	0.03125	0.03125	0.03125	0.3125	0.3125	0	0	0	0
0.00010199537332448374	0.49785946656747854	0	0	0	0.5	0	0	0	0	0	0	0	0	0	0	0	0.03125	0.09375	0.03125	0.21875	0.125	0	0	0	0
-9.410676440229126e-05	0.16011255846834513	0	0	0	0.21875	0	0	0	0	0	0	0	0	0	0	0	0.03125	0.03125	0.0625	0.28125	0.375	0	0	0	0
-0.0005820082644695944	0.2995377192651413	0	0	0.03125	0.375	0	0	0	0	0	0	0	0	0	0	0	0	0.03125	0.0625	0.25	0.25	0	0	0	0
0.00011515185218861417	0.11090308601269311	0	0	0	0.1875	0	0	0	0	0	0	0	0	0	0	0	0	0.125	0.1875	0.25	0.25	0	0	0	0
-0.0004799773066984808	0.2837622631731036	0	0	0	0.34375	0	0	0	0	0	0	0	0	0	0	0	0	0.0625	0.125	0.21875	0.25	0	0	0	0
-0.0002587756529034756	0.3158476515721375	0	0	0	0.40625	0	0	0	0	0	0	0	0	0	0	0	0	0.09375	0.0625	0.3125	0.125	0	0	0	0
0.0009575452156923116	0.3806157050277872	0	0	0	0.34375	0	0	0	0	0	0	0	0	0	0	0	0	0	0.0625	0.375	0.21875	0	0	0	0
0.00035307685255847756	0.31142862159245566	0	0	0	0.3125	0	0	0	0	0	0	0	0	0	0	0	0	0.03125	0.1875	0.3125	0.15625	0	0	0	0
0.00013557903024755813	0.30408871091419576	0	0	0.0625	0.34375	0	0	0	0	0	0	0	0	0	0	0	0.03125	0.09375	0.125	0.28125	0.0625	0	0	0	0
-0.00034158201827776287	0.32239424909597436	0	0	0	0.3125	0	0	0	0	0	0	0	0	0	0	0	0.03125	0.15625	0.03125	0.25	0.21875	0	0	0	0
0.0025597271318411772	0.3925350678491427	0	0	0.03125	0.4375	0	0	0	0	0	0	0	0	0	0	0	0	0.0625	0.03125	0.28125	0.15625	0	0	0	0
0.003470891216094672	0.29805863885419154	0	0	0	0.25	0	0	0	0	0	0	0	0	0	0	0	0.03125	0.09375	0.125	0.28125	0.21875	0	0	0	0
0.000500002302511571	0.25056309863970705	0	0	0	0.34375	0	0	0	0	0	0	0	0	0	0	0	0	0.03125	0.09375	0.40625	0.125	0	0	0	0
-0.00045279304027133656	0.5518767570955271	0	0	0.03125	0.4375	0	0	0	0	0	0	0	0	0	0	0	0	0.125	0.125	0.1875	0.09375	0	0	0	0
-0.0003505731348610053	0.2428652507538579	0	0	0.03125	0.25	0	0	0	0	0	0	0	0	0	0.03125	0	0	0.15625	0.03125	0.3125	0.1875	0	0	0	0
-0.0004443766285686836	0.16568614705484	0	0	0	0.15625	0	0	0	0	0	0	0	0	0	0	0	0	0.09375	0.15625	0.34375	0.25	0	0	0	0
0.0001724896513159643	0.22572776744594913	0	0	0	0.1875	0	0	0	0	0	0	0	0	0	0	0	0	0.125	0.15625	0.25	0.28125	0	0	0	0
-0.00019257460737658825	0.23840182538800858	0	0	0	0.25	0	0	0	0	0	0	0	0	0	0	0	0	0.125	0.03125	0.34375	0.25	0	0	0	0
-0.0006005088064301716	0.3577653362463547	0	0	0	0.40625	0	0	0	0	0	0	0	0	0	0	0	0.03125	0.09375	0.09375	0.21875	0.15625	0	0	0	0
-0.00033947871457350095	0.2514249607697857	0	0	0	0.21875	0	0	0	0	0	0	0	0	0	0	0	0	0.03125	0.0625	0.28125	0.40625	0	0	0	0
-0.0005900746981916078	0.3138901523001748	0	0	0.03125	0.1875	0	0	0	0	0	0	0	0	0	0	0	0.03125	0.09375	0.0625	0.3125	0.28125	0	0	0	0
-6.534552777748632e-05	0.17573940146503608	0	0	0	0.1875	0	0	0	0	0	0	0	0	0	0	0	0	0.09375	0.03125	0.25	0.4375	0	0	0	0
-0.00012345202516917108	0.15840550144659163	0	0	0	0.1875	0	0	0	0	0	0	0	0	0	0.03125	0	0.03125	0.125	0.15625	0.28125	0.1875	0	0	0	0
0.0014859602052026545	0.15795853115419373	0	0	0	0.1875	0	0	0	0	0	0	0	0	0	0	0	0	0.15625	0.09375	0.21875	0.34375	0	0	0	0
0.002466755285884494	0.2879353542620592	0	0	0	0.375	0	0	0	0	0	0	0	0	0	0	0	0	0.125	0.15625	0.21875	0.125	0	0	0	0
0.00042213127218488077	0.33341059417523017	0	0	0.03125	0.375	0	0	0	0	0	0	0	0	0	0	0	0	0.0625	0.125	0.25	0.15625	0	0	0	0
0.00047182536744218046	0.35420796253472925	0	0	0	0.34375	0	0	0	0	0	0	0	0	0	0	0	0	0.0625	0	0.40625	0.1875	0	0	0	0
0.0005270255133476119	0.33278914581544766	0	0	0	0.34375	0	0	0	0	0	0	0	0	0	0	0	0	0.0625	0.09375	0.3125	0.1875	0	0	0	0
0.0018307455109693469	0.2848987640211909	0	0	0.03125	0.25	0	0	0	0	0	0	0	0	0	0	0	0	0.0625	0.0625	0.21875	0.375	0	0	0	0
-0.0001953321724831622	0.15543909186986726	0	0	0	0.15625	0	0	0	0	0	0	0	0	0	0	0	0.03125	0.1875	0.15625	0.125	0.34375	0	0	0	0
0.0019097156261410736	0.24233976287467598	0	0	0	0.28125	0	0	0	0	0	0	0	0	0	0	0	0	0.0625	0.15625	0.3125	0.1875	0	0	0	0
0.0046836186906390265	0.22614628717911886	0	0	0.03125	0.28125	0	0	0	0	0	0	0	0	0	0	0	0	0.0625	0.15625	0.28125	0.1875	0	0	0	0
-0.00023769513770310408	0.2510002014166708	0	0	0	0.4375	0	0	0	0	0	0	0	0	0	0	0	0	0.03125	0.03125	0.3125	0.1875	0	0	0	0
0.0003060502266971453	0.26147311040481713	0	0	0	0.125	0	0	0	0	0	0	0	0	0	0	0	0	0.03125	0.0625	0.4375	0.34375	0	0	0	0
0.00042126545809454584	0.2648158984509584	0	0	0.03125	0.28125	0	0	0	0	0	0	0	0	0	0	0	0.03125	0.09375	0.03125	0.25	0.28125	0	0	0	0
-0.0004927740371170926	0.19850422933863018	0	0	0	0.21875	0	0	0	0	0	0	0	0	0	0	0	0	0.0625	0.09375	0.25	0.375	0	0	0	0
0.0001017942183818847	0.2475246784703119	0	0	0	0.1875	0	0	0	0	0	0	0	0	0	0	0	0	0	0.125	0.375	0.3125	0	0	0	0
0.0005573905149741345	0.2164034072512812	0	0	0	0.25	0	0	0	0	0	0	0	0	0	0	0	0	0.03125	0.15625	0.25	0.3125	0	0	0	0
6.312821005920759e-05	0.23957825058621152	0	0	0	0.375	0	0	0	0	0	0	0	0	0	0	0	0	0.0625	0.09375	0.3125	0.15625	0	0	0	0
0.0001302159735139879	0.32136863392344706	0	0	0.0625	0.25	0	0	0	0	0	0	0	0	0	0	0	0	0.03125	0.03125	0.3125	0.3125	0	0	0	0
7.150500243205971e-05	0.3647090523646902	0	0	0.03125	0.375	0	0	0	0	0	0	0	0	0	0	0	0	0.09375	0.09375	0.21875	0.1875	0	0	0	0
0.000980888630790899	0.2133032296468122	0	0	0	0.25	0	0	0	0	0	0	0	0	0	0	0	0.03125	0.15625	0	0.21875	0.34375	0	0	0	0
0.0021121649331317877	0.17985208962994023	0	0	0	0.21875	0	0	0	0	0	0	0	0	0	0	0	0.0625	0.0625	0.09375	0.28125	0.28125	0	0	0	0
-0.00047233231200435947	0.12377760559625291	0	0	0	0.0625	0	0	0	0	0	0	0	0	0	0	0	0	0	0.1875	0.3125	0.4375	0	0	0	0
5.2166818687639784e-05	0.24926842890852718	0	0	0	0.25	0	0	0	0	0	0	0	0	0	0	0	0.03125	0.09375	0.03125	0.25	0.34375	0	0	0	0
0.0007995207957599199	0.5283557435870186	0	0	0.03125	0.53125	0	0	0	0	0	0	0	0	0	0	0	0	0.09375	0.09375	0.1875	0.0625	0	0	0	0
0.0006486341606476088	0.27699897040518595	0	0	0	0.375	0	0	0	0	0	0	0	0	0	0	0	0	0.03125	0.09375	0.375	0.125	0	0	0	0
-0.00021099769196696852	0.1752847537495988	0	0	0	0.3125	0	0	0	0	0	0	0	0	0	0	0	0.03125	0.0625	0.0625	0.3125	0.21875	0	0	0	0
-0.000432942114440017	0.23148591057174797	0	0	0	0.125	0	0	0	0	0	0	0	0	0	0	0	0	0.0625	0.09375	0.34375	0.375	0	0	0	0
-0.0005166956538725821	0.41577478654970496	0	0	0.03125	0.4375	0	0	0	0	0	0	0	0	0	0	0	0	0.15625	0.125	0.15625	0.09375	0	0	0	0
6.623773891989113e-05	0.4924274590537317	0	0	0.03125	0.4375	0	0	0	0	0	0	0	0	0	0	0	0	0.15625	0.0625	0.15625	0.15625	0	0	0	0
-0.00046499381119923574	0.1752694155718134	0	0	0	0.25	0	0	0	0	0	0	0	0	0	0	0	0.0625	0.09375	0.15625	0.25	0.1875	0	0	0	0
1.250503625445287e-05	0.3631184707243102	0	0	0	0.375	0	0	0	0	0	0	0	0	0	0	0	0	0.03125	0.09375	0.25	0.25	0	0	0	0
0.0019620630742381126	0.2882902490006319	0	0	0	0.34375	0	0	0	0	0	0	0	0	0	0	0	0.03125	0.125	0.125	0.1875	0.1875	0	0	0	0
0.0009170451267420856	0.1486864465584612	0	0	0	0.125	0	0	0	0	0	0	0	0	0	0	0	0	0.03125	0.15625	0.375	0.3125	0	0	0	0
-0.0004925631892456814	0.11695934570034286	0	0	0	0.21875	0	0	0	0	0	0	0	0	0	0	0	0.03125	0.15625	0.0625	0.15625	0.375	0	0	0	0
-0.0003886078395090585	0.16359301520848357	0	0	0	0.34375	0	0	0	0	0	0	0	0	0	0	0	0.03125	0.03125	0.125	0.3125	0.15625	0	0	0	0
9.078392635249627e-05	0.20780214332952202	0	0	0	0.1875	0	0	0	0	0	0	0	0	0	0	0	0.03125	0	0.09375	0.34375	0.34375	0	0	0	0
-0.00040484029534730885	0.3740951137202476	0	0	0	0.34375	0	0	0	0	0	0	0	0	0	0	0	0.03125	0.0625	0.0625	0.25	0.25	0	0	0	0
-0.0001938628162859699	0.28761875534539605	0	0	0.03125	0.28125	0	0	0	0	0	0	0	0	0	0	0	0	0.09375	0.15625	0.28125	0.15625	0	0	0	0
-0.00016285183012393188	0.19354433609698535	0	0	0	0.28125	0	0	0	0	0	0	0	0	0	0	0	0	0.09375	0.09375	0.21875	0.3125	0	0	0	0
0.0019424740592600006	0.25074088986538523	0	0	0	0.28125	0	0	0	0	0	0	0	0	0	0	0	0	0.09375	0.125	0.21875	0.28125	0	0	0	0
-0.00014630879971000923	0.3211479144062944	0	0	0.03125	0.34375	0	0	0	0	0	0	0	0	0	0	0	0	0.125	0.09375	0.21875	0.1875	0	0	0	0
-0.00039392097592689634	0.38879370582615086	0	0	0	0.40625	0	0	0	0	0	0	0	0	0	0	0	0	0.15625	0.09375	0.21875	0.125	0	0	0	0
-8.797246493603853e-05	0.2937640321818724	0	0	0	0.28125	0	0	0	0	0	0	0	0	0	0.03125	0	0.03125	0.125	0.09375	0.25	0.1875	0	0	0	0
-0.0005354130148600641	0.23361775277567898	0	0	0	0.3125	0	0	0	0	0	0	0	0	0	0	0	0	0.0625	0.0625	0.3125	0.25	0	0	0	0
0.001154573149721612	0.29037254033325244	0	0	0	0.46875	0	0	0	0	0	0	0	0	0	0	0	0	0.125	0.03125	0.34375	0.03125	0	0	0	0
-0.0003799271429162978	0.2890174053220174	0	0	0	0.375	0	0	0	0	0	0	0	0	0	0	0	0.03125	0	0.03125	0.3125	0.25	0	0	0	0
-0.00012490185219598486	0.3865922807553704	0	0	0.03125	0.3125	0	0	0	0	0	0	0	0	0	0	0	0.03125	0.09375	0.09375	0.34375	0.09375	0	0	0	0
0.002340119992347849	0.3711693323940547	0	0	0	0.40625	0	0	0	0	0	0	0	0	0	0	0	0	0.09375	0.03125	0.25	0.21875	0	0	0	0
-4.8958815153792984e-05	0.20889865855363035	0	0	0	0.3125	0	0	0	0	0	0	0	0	0	0	0	0	0.03125	0.0625	0.25	0.34375	0	0	0	0
0.0013328710796801256	0.3786836181275739	0	0	0	0.25	0	0	0	0	0	0	0	0	0	0	0	0	0.09375	0.0625	0.21875	0.375	0	0	0	0
0.00388796478036982	0.26165528000353383	0	0	0	0.15625	0	0	0	0	0	0	0	0	0	0	0	0	0.03125	0.15625	0.40625	0.25	0	0	0	0
0.0004985876130157944	0.22488482612021662	0	0	0	0.375	0	0	0	0	0	0	0	0	0	0	0	0	0.03125	0.125	0.28125	0.1875	0	0	0	0
0.003842921744958313	0.35713653655368915	0	0	0	0.40625	0	0	0	0	0	0	0	0	0	0	0	0	0.125	0.09375	0.1875	0.1875	0	0	0	0
0.0002147005395938229	0.3412921949371273	0	0	0	0.25	0	0	0	0	0	0	0	0	0	0	0	0	0.0625	0.15625	0.25	0.28125	0	0	0	0
0.0006164986766004928	0.21856362222925071	0	0	0	0.1875	0	0	0	0	0	0	0	0	0	0	0	0	0.21875	0.0625	0.21875	0.3125	0	0	0	0
-0.00041676340987975146	0.3628066171705746	0	0	0	0.46875	0	0	0	0	0	0	0	0	0	0	0	0	0.03125	0.0625	0.34375	0.09375	0	0	0	0
0.00012066577180806724	0.2216810242206642	0	0	0	0.28125	0	0	0	0	0	0	0	0	0	0	0	0	0.03125	0.15625	0.3125	0.21875	0	0	0	0
-0.00024018837438239202	0.5830661030734776	0	0	0.125	0.46875	0	0	0	0	0	0	0	0	0	0	0	0.03125	0.125	0.03125	0.1875	0.03125	0	0	0	0
0.0007662430647182345	0.18276156087475237	0	0	0	0.375	0	0	0	0	0	0	0	0	0	0	0	0.03125	0.0625	0.0625	0.1875	0.28125	0	0	0	0
-2.0167426160682357e-05	0.2587064128304146	0	0	0	0.28125	0	0	0	0	0	0	0	0	0	0	0	0.0625	0.09375	0.09375	0.1875	0.28125	0	0	0	0
-0.0003772889667866661	0.3992366021311258	0	0	0.03125	0.25	0	0	0	0	0	0	0	0	0	0	0	0	0.09375	0.15625	0.40625	0.0625	0	0	0	0
0.0006899633164207561	0.17476898535815427	0	0	0	0.1875	0	0	0	0	0	0	0	0	0	0	0	0.03125	0.0625	0.09375	0.34375	0.28125	0	0	0	0
0.0007646777870099305	0.2905738372901443	0	0	0	0.3125	0	0	0	0	0	0	0	0	0	0	0	0	0.0625	0.1875	0.28125	0.15625	0	0	0	0
0.00012280513612123416	0.2916116468196299	0	0	0	0.375	0	0	0	0	0	0	0	0	0	0	0	0.03125	0.125	0.09375	0.15625	0.21875	0	0	0	0
-0.00021059609174137336	0.4283599757270928	0	0	0	0.3125	0	0	0	0	0	0	0	0	0	0	0	0	0.03125	0.0625	0.28125	0.3125	0	0	0	0
0.00034522094140253734	0.2183663581341637	0	0	0	0.25	0	0	0	0	0	0	0	0	0	0	0	0.03125	0.03125	0	0.3125	0.375	0	0	0	0
0.000345235623313173	0.11433024551494154	0	0	0	0.125	0	0	0	0	0	0	0	0	0	0	0	0.0625	0.125	0.03125	0.375	0.28125	0	0	0	0
0.0009068963544585811	0.20097966840322073	0	0	0	0.21875	0	0	0	0	0	0	0	0	0	0	0	0	0.1875	0.21875	0.1875	0.1875	0	0	0	0
-3.6328727578336306e-05	0.16335054231622206	0	0	0	0.25	0	0	0	0	0	0	0	0	0	0	0	0.03125	0.15625	0.0625	0.21875	0.28125	0	0	0	0
0.0003320468354779293	0.18053969477138387	0	0	0	0.25	0	0	0	0	0	0	0	0	0	0	0	0.03125	0.09375	0.125	0.34375	0.15625	0	0	0	0
0.002780980230924362	0.38255420316200694	0	0	0.03125	0.375	0	0	0	0	0	0	0	0	0	0	0	0.03125	0.125	0	0.1875	0.25	0	0	0	0
0.0058460684727938755	0.32645826232046554	0	0	0.03125	0.34375	0	0	0	0	0	0	0	0	0	0	0	0	0.0625	0.09375	0.25	0.21875	0	0	0	0
0.00012534581767645594	0.4151334199248181	0	0	0	0.3125	0	0	0	0	0	0	0	0	0	0	0	0	0.15625	0.15625	0.21875	0.15625	0	0	0	0
0.0011855189215117454	0.32230855007436776	0	0	0	0.40625	0	0	0	0	0	0	0	0	0	0	0	0	0.09375	0.0625	0.1875	0.25	0	0	0	0
0.0013033106154285853	0.3218705525211381	0	0	0	0.3125	0	0	0	0	0	0	0	0	0	0	0	0	0.09375	0.09375	0.25	0.25	0	0	0	0
-2.9694613135233588e-05	0.42073085160969825	0	0	0.03125	0.46875	0	0	0	0	0	0	0	0	0	0	0	0	0.09375	0.09375	0.21875	0.09375	0	0	0	0
0.00704277239879208	0.2867155230791864	0	0	0	0.34375	0	0	0	0	0	0	0	0	0	0	0	0	0.09375	0.125	0.28125	0.15625	0	0	0	0
-0.00015344258810968974	0.3739327525870224	0	0	0	0.40625	0	0	0	0	0	0	0	0	0	0	0	0	0.125	0.0625	0.25	0.15625	0	0	0	0
0.00010604690489165303	0.28637868635429653	0	0	0.03125	0.21875	0	0	0	0	0	0	0	0	0	0	0	0	0.125	0.0625	0.21875	0.34375	0	0	0	0
0.0024265723010251984	0.3016065329387067	0	0	0	0.46875	0	0	0	0	0	0	0	0	0	0	0	0	0.125	0.03125	0.25	0.125	0	0	0	0
0.0006986766074939464	0.2578577800244691	0	0	0.03125	0.25	0	0	0	0	0	0	0	0	0	0	0	0	0.09375	0.03125	0.28125	0.3125	0	0	0	0
0.000624539445827378	0.2225551613544892	0	0	0	0.3125	0	0	0	0	0	0	0	0	0	0	0	0	0.125	0.1875	0.15625	0.21875	0	0	0	0
-0.0005042135664103728	0.35511148067821363	0	0	0	0.3125	0	0	0	0	0	0	0	0	0	0	0	0.03125	0.15625	0.09375	0.21875	0.1875	0	0	0	0
-0.00023739168408761286	0.2553122430680812	0	0	0	0.34375	0	0	0	0	0	0	0	0	0	0	0	0.03125	0.09375	0.09375	0.28125	0.15625	0	0	0	0
0.0012099532761503662	0.30535795231256474	0	0	0	0.28125	0	0	0	0	0	0	0	0	0	0	0	0	0.0625	0.03125	0.34375	0.28125	0	0	0	0
0.0010502076595686424	0.199719703849888	0	0	0	0.25	0	0	0	0	0	0	0	0	0	0	0	0	0.15625	0.03125	0.25	0.3125	0	0	0	0
0.00047176303878117325	0.2511424618762791	0	0	0.03125	0.375	0	0	0	0	0	0	0	0	0	0	0	0	0.09375	0.0625	0.25	0.1875	0	0	0	0
-0.0001729989385853042	0.40299497604285606	0	0	0	0.375	0	0	0	0	0	0	0	0	0	0	0	0	0.125	0.0625	0.3125	0.125	0	0	0	0
0.001475742065489333	0.21464662149376373	0	0	0	0.21875	0	0	0	0	0	0	0	0	0	0	0	0.03125	0.03125	0.125	0.34375	0.25	0	0	0	0
-0.0005588073566730594	0.3850512266692625	0	0	0	0.3125	0	0	0	0	0	0	0	0	0	0	0	0	0	0.03125	0.40625	0.25	0	0	0	0
0.0008698577649554932	0.219717011969955	0	0	0	0.375	0	0	0	0	0	0	0	0	0	0	0	0	0.03125	0.0625	0.46875	0.0625	0	0	0	0
0.0028090979454247263	0.5133227727173311	0	0	0	0.53125	0	0	0	0	0	0	0	0	0	0	0	0	0.09375	0.03125	0.25	0.09375	0	0	0	0
0.0008531686102553527	0.2293965972015588	0	0	0	0.28125	0	0	0	0	0	0	0	0	0	0	0	0	0.0625	0.125	0.3125	0.21875	0	0	0	0
0.0002979680642554137	0.2608293766081146	0	0	0	0.375	0	0	0	0	0	0	0	0	0	0	0	0.03125	0	0.03125	0.3125	0.25	0	0	0	0
-0.00038256909439609655	0.43873697327692945	0	0	0.03125	0.25	0	0	0	0	0	0	0	0	0	0	0	0	0.0625	0.125	0.28125	0.21875	0	0	0	0.03125
0.0010492636989423254	0.24708250824293254	0	0	0	0.25	0	0	0	0	0	0	0	0	0	0	0	0	0.0625	0.0625	0.25	0.375	0	0	0	0
6.353080215858678e-07	0.2787291971107279	0	0	0.03125	0.34375	0	0	0	0	0	0	0	0	0	0	0	0	0.125	0.03125	0.21875	0.25	0	0	0	0
0.0006041390432994253	0.29492467633928016	0	0	0	0.40625	0	0	0	0	0	0	0	0	0	0	0	0	0.03125	0.0625	0.34375	0.15625	0	0	0	0
-8.814725896980759e-05	0.3950575797327676	0	0	0.03125	0.40625	0	0	0	0	0	0	0	0	0	0	0	0	0.03125	0.03125	0.25	0.25	0	0	0	0
0.0014563124144528318	0.28493172618829726	0	0	0	0.28125	0	0	0	0	0	0	0	0	0	0	0	0.03125	0.09375	0.03125	0.34375	0.21875	0	0	0	0
0.0008205181879084837	0.26485154192572086	0	0	0	0.25	0	0	0	0	0	0	0	0	0	0	0	0	0.0625	0.0625	0.28125	0.34375	0	0	0	0
0.0013670620593919886	0.16434450269851578	0	0	0	0.125	0	0	0	0	0	0	0	0	0	0	0	0	0.09375	0.09375	0.375	0.3125	0	0	0	0
0.0002763191948821569	0.4338175167101132	0	0	0	0.53125	0	0	0	0	0	0	0	0	0	0	0	0	0.0625	0.125	0.25	0.03125	0	0	0	0
-0.00036474676283784464	0.5007849719896939	0	0	0.0625	0.46875	0	0	0	0	0	0	0	0	0	0	0	0	0.125	0.03125	0.25	0.0625	0	0	0	0
-0.00039758451917398373	0.30076831768513734	0	0	0.03125	0.3125	0	0	0	0	0	0	0	0	0	0	0	0	0.09375	0.09375	0.28125	0.1875	0	0	0	0
-0.000541364814288767	0.2840373858152842	0	0	0	0.28125	0	0	0	0	0	0	0	0	0	0	0	0	0.03125	0	0.34375	0.34375	0	0	0	0
-0.000493244261309683	0.358157968997268	0	0	0	0.34375	0	0	0	0	0	0	0	0	0	0	0	0	0.0625	0.09375	0.25	0.25	0	0	0	0
0.00012161344956584186	0.24974335625705668	0	0	0	0.28125	0	0	0	0	0	0	0	0	0	0	0	0	0.0625	0	0.34375	0.3125	0	0	0	0
-0.00022357120194867536	0.19502040043227536	0	0	0.03125	0.21875	0	0	0	0	0	0	0	0	0	0	0	0	0.09375	0.125	0.21875	0.3125	0	0	0	0
-0.00045331759831188334	0.40653676709684006	0	0	0.03125	0.4375	0	0	0	0	0	0	0	0	0	0	0	0	0	0.0625	0.34375	0.125	0	0	0	0
-0.0004250105021748189	0.3493987698545628	0	0	0	0.46875	0	0	0	0	0	0	0	0	0	0	0	0	0.125	0	0.21875	0.1875	0	0	0	0
-0.00029081512919959876	0.35724576043022743	0	0	0.03125	0.34375	0	0	0	0	0	0	0	0	0	0	0	0	0.1875	0.125	0.15625	0.15625	0	0	0	0
0.0021042939706615005	0.1878578226385546	0	0	0	0.25	0	0	0	0	0	0	0	0	0	0	0	0	0.0625	0.125	0.3125	0.25	0	0	0	0
0.0007245903821090753	0.14267451216590746	0	0	0	0.21875	0	0	0	0	0	0	0	0	0	0	0	0.03125	0.125	0.09375	0.25	0.28125	0	0	0	0
4.446571387343084e-06	0.1941328655915272	0	0	0	0.1875	0	0	0	0	0	0	0	0	0	0	0	0	0.09375	0.15625	0.34375	0.21875	0	0	0	0
-0.00021409307362836122	0.36974506748435515	0	0	0	0.375	0	0	0	0	0	0	0	0	0	0	0	0	0.125	0.09375	0.28125	0.125	0	0	0	0
0.0026190926050464382	0.21945109724800727	0	0	0.03125	0.28125	0	0	0	0	0	0	0	0	0	0	0	0	0.125	0.125	0.34375	0.09375	0	0	0	0
-0.0004048272723735403	0.27619993831609574	0	0	0	0.28125	0	0	0	0	0	0	0	0	0	0	0	0	0.03125	0.03125	0.4375	0.21875	0	0	0	0
-0.0002280665873435377	0.2992734590884834	0	0	0	0.34375	0	0	0	0	0	0	0	0	0	0	0	0	0.15625	0	0.1875	0.3125	0	0	0	0
0.00029838296681530645	0.16710497765685556	0	0	0	0.28125	0	0	0	0	0	0	0	0	0	0	0	0	0.09375	0.03125	0.28125	0.3125	0	0	0	0
0.0007734570007165834	0.2773836024872106	0	0	0	0.21875	0	0	0	0	0	0	0	0	0	0	0	0.03125	0.0625	0.09375	0.28125	0.3125	0	0	0	0
0.00045014516278355654	0.29602318044524795	0	0	0	0.28125	0	0	0	0	0	0	0	0	0	0	0	0	0.1875	0.0625	0.21875	0.25	0	0	0	0
-0.0005748364737950617	0.1211474727178668	0	0	0	0.125	0	0	0	0	0	0	0	0	0	0	0	0	0.0625	0	0.28125	0.53125	0	0	0	0
-0.00033290619042708095	0.3436184013878479	0	0	0	0.375	0	0	0	0	0	0	0	0	0	0	0	0	0.03125	0.09375	0.25	0.25	0	0	0	0
0.007585771801913623	0.27164690694820187	0	0	0.03125	0.3125	0	0	0	0	0	0	0	0	0	0	0	0	0.0625	0.0625	0.375	0.15625	0	0	0	0
0.001720108694034015	0.3793106970659862	0	0	0	0.4375	0	0	0	0	0	0	0	0	0	0	0	0	0.0625	0.125	0.21875	0.15625	0	0	0	0
0.00025264322464721537	0.1490876283778286	0	0	0	0.25	0	0	0	0	0	0	0	0	0	0	0	0.03125	0	0.125	0.34375	0.25	0	0	0	0
-0.00018068995691787	0.19163020540621015	0	0	0	0.25	0	0	0	0	0	0	0	0	0	0	0	0	0	0.09375	0.3125	0.34375	0	0	0	0
0.00020740447473583014	0.249597732820465	0	0	0	0.25	0	0	0	0	0	0	0	0	0	0	0	0	0.03125	0.21875	0.25	0.25	0	0	0	0
-0.0002002130683115501	0.1111455384027916	0	0	0	0.1875	0	0	0	0	0	0	0	0	0	0	0	0	0.09375	0.03125	0.25	0.4375	0	0	0	0
-0.0003034732320849066	0.15361655538688093	0	0	0	0.1875	0	0	0	0	0	0	0	0	0	0	0	0	0.09375	0.0625	0.34375	0.3125	0	0	0	0
-0.0004426474366772428	0.28503740227697416	0	0	0	0.375	0	0	0	0	0	0	0	0	0	0	0	0	0.0625	0.0625	0.28125	0.21875	0	0	0	0
-0.0004704423897898225	0.2931964177246301	0	0	0.03125	0.34375	0	0	0	0	0	0	0	0	0	0	0	0	0.09375	0.0625	0.28125	0.1875	0	0	0	0
0.0006977495363852073	0.3482114797865932	0	0	0	0.4375	0	0	0	0	0	0	0	0	0	0	0	0.03125	0.0625	0.0625	0.28125	0.125	0	0	0	0
-0.0003360339002339565	0.25440106835287046	0	0	0	0.1875	0	0	0	0	0	0	0	0	0	0.03125	0	0.03125	0.03125	0.03125	0.34375	0.34375	0	0	0	0
0.0010715007137052032	0.24548988563582286	0	0	0	0.40625	0	0	0	0	0	0	0	0	0	0	0	0	0.03125	0.03125	0.34375	0.1875	0	0	0	0
-0.00022309274758401307	0.18954768817172643	0	0	0	0.25	0	0	0	0	0	0	0	0	0	0	0	0.03125	0.0625	0.09375	0.34375	0.21875	0	0	0	0
-9.053875203529122e-05	0.22286471655042137	0	0	0.03125	0.40625	0	0	0	0	0	0	0	0	0	0	0	0	0.15625	0.09375	0.21875	0.09375	0	0	0	0
0.003073328051855343	0.3938422230544887	0	0	0	0.46875	0	0	0	0	0	0	0	0	0	0	0	0	0.09375	0.03125	0.3125	0.09375	0	0	0	0
-0.00044029570402434663	0.2762262969525671	0	0	0	0.28125	0	0	0	0	0	0	0	0	0	0	0	0	0.09375	0.15625	0.25	0.21875	0	0	0	0
0.0004565138499886117	0.4769389953484304	0	0	0	0.40625	0	0	0	0	0	0	0	0	0	0	0	0	0.03125	0.03125	0.28125	0.25	0	0	0	0
7.543985305585831e-05	0.3290170845181891	0	0	0.03125	0.21875	0	0	0	0	0	0	0	0	0	0	0	0.03125	0.03125	0.0625	0.46875	0.15625	0	0	0	0
0.0011831284094153869	0.35415422144918046	0	0	0.03125	0.34375	0	0	0	0	0	0	0	0	0	0	0	0	0.03125	0	0.34375	0.21875	0	0	0	0.03125
0.0003618447316078422	0.2188045072467622	0	0	0	0.25	0	0	0	0	0	0	0	0	0	0	0	0	0.09375	0.0625	0.375	0.21875	0	0	0	0
0.00013176418261925412	0.2542002220997037	0	0	0	0.3125	0	0	0	0	0	0	0	0	0	0	0	0	0.03125	0.0625	0.4375	0.15625	0	0	0	0
0.0019770179161220035	0.23087628106644767	0	0	0	0.25	0	0	0	0	0	0	0	0	0	0	0	0	0.125	0.09375	0.28125	0.25	0	0	0	0
0.001006144891772124	0.276383332343851	0	0	0	0.3125	0	0	0	0	0	0	0	0	0	0	0	0	0.09375	0.125	0.28125	0.1875	0	0	0	0
0.00019844870920784815	0.3126309221427316	0	0	0	0.34375	0	0	0	0	0	0	0	0	0	0	0	0.03125	0.09375	0.09375	0.25	0.1875	0	0	0	0
-0.00022403477458008458	0.188506943849816	0	0	0	0.15625	0	0	0	0	0	0	0	0	0	0	0	0.0625	0	0.15625	0.34375	0.28125	0	0	0	0
0.00021586776140219527	0.17420168008912668	0	0	0	0.21875	0	0	0	0	0	0	0	0	0	0	0	0	0.15625	0.09375	0.15625	0.375	0	0	0	0
-0.00012425759166609688	0.2474068545989259	0	0	0	0.21875	0	0	0	0	0	0	0	0	0	0	0	0	0.0625	0.09375	0.3125	0.3125	0	0	0	0
-0.0002177336429089943	0.19622095432385908	0	0	0	0.15625	0	0	0	0	0	0	0	0	0	0	0	0.03125	0.0625	0.0625	0.3125	0.3125	0	0.03125	0	0.03125
0.0006554983522608297	0.3058332874044169	0	0	0	0.46875	0	0	0	0	0	0	0	0	0	0	0	0	0.0625	0.03125	0.25	0.1875	0	0	0	0
0.0009985157841600285	0.2929039535799348	0	0	0.0625	0.25	0	0	0	0	0	0	0	0	0	0	0	0	0.0625	0.09375	0.40625	0.125	0	0	0	0
0.0012796715655231988	0.2637956855022391	0	0	0	0.15625	0	0	0	0	0	0	0	0	0	0	0	0.0625	0.09375	0.15625	0.3125	0.21875	0	0	0	0
0.00500597526940319	0.23834883451506786	0	0	0	0.46875	0	0	0	0	0	0	0	0	0	0	0	0.03125	0.03125	0.125	0.34375	0	0	0	0	0
0.0008220943258857086	0.32173958441532013	0	0	0	0.28125	0	0	0	0	0	0	0	0	0	0	0	0.03125	0.125	0.125	0.21875	0.21875	0	0	0	0
-0.0005314008510992321	0.09766824352995629	0	0	0	0.1875	0	0	0	0	0	0	0	0	0	0	0	0	0.125	0.125	0.28125	0.28125	0	0	0	0
-0.00022120656349887375	0.1733656340460709	0	0	0	0.15625	0	0	0	0	0	0	0	0	0	0	0	0	0.09375	0.0625	0.3125	0.375	0	0	0	0
0.0007306193189024087	0.22805091009128603	0	0	0	0.40625	0	0	0	0	0	0	0	0	0	0	0	0	0.03125	0.09375	0.25	0.21875	0	0	0	0
0.002624418806805202	0.2303230285365806	0	0	0	0.375	0	0	0	0	0	0	0	0	0	0	0	0	0.03125	0.1875	0.3125	0.09375	0	0	0	0
0.00011469590855170739	0.25207375476817556	0	0	0	0.1875	0	0	0	0	0	0	0	0	0	0.03125	0	0	0.125	0.09375	0.25	0.3125	0	0	0	0
0.00010983503032510406	0.337169090674974	0	0	0	0.21875	0	0	0	0	0	0	0	0	0	0	0	0.03125	0.0625	0.0625	0.28125	0.34375	0	0	0	0
0.0014722962329902084	0.10626242286065249	0	0	0	0.125	0	0	0	0	0	0	0	0	0	0	0	0	0.09375	0.0625	0.375	0.34375	0	0	0	0
0.008054675857669712	0.35482699027256565	0	0	0.03125	0.4375	0	0	0	0	0	0.03125	0	0	0	0	0	0	0.125	0.15625	0.15625	0.0625	0	0	0	0
-0.00021338902996112383	0.18113460412428678	0	0	0	0.25	0	0	0	0	0	0	0	0	0	0	0	0.03125	0	0.0625	0.40625	0.25	0	0	0	0
0.0003652137387699103	0.29761955115697397	0	0	0	0.4375	0	0	0	0	0	0	0	0	0	0	0	0	0.125	0.03125	0.3125	0.09375	0	0	0	0
0.0004485208123463827	0.3146011527027163	0	0	0	0.3125	0	0	0	0	0	0	0	0	0	0	0	0	0	0.21875	0.28125	0.1875	0	0	0	0
-0.00045854448214964244	0.3104997595914302	0	0	0	0.25	0	0	0	0	0	0	0	0	0	0	0	0	0.09375	0.0625	0.25	0.34375	0	0	0	0
0.0012569203367536227	0.18929731308653502	0	0	0	0.25	0	0	0	0	0	0	0	0	0	0	0	0.03125	0.1875	0.03125	0.34375	0.15625	0	0	0	0
0.00018828140205667373	0.30083882218267444	0	0	0	0.34375	0	0	0	0	0	0	0	0	0	0	0	0	0.0625	0.0625	0.3125	0.21875	0	0	0	0
0.0005817065902450069	0.4051794279613906	0	0	0	0.3125	0	0	0	0	0	0	0	0	0	0	0	0	0	0.0625	0.34375	0.28125	0	0	0	0
0.00036886469156980874	0.21128205356907986	0	0	0	0.28125	0	0	0	0	0	0	0	0	0	0	0	0.03125	0.09375	0.03125	0.34375	0.21875	0	0	0	0
0.0025359474944444747	0.29746391769427694	0	0	0	0.34375	0	0	0	0	0	0	0	0	0	0	0	0.03125	0.09375	0.09375	0.28125	0.15625	0	0	0	0
0.0016419105242919277	0.2911640294552932	0	0	0	0.375	0	0	0	0	0	0	0	0	0	0	0	0	0.15625	0.125	0.25	0.09375	0	0	0	0
0.0014006800876211318	0.20648674593123295	0	0	0.03125	0.375	0	0	0	0	0	0	0	0	0	0	0	0	0	0.0625	0.34375	0.1875	0	0	0	0
0.008196462315342705	0.33168437618074903	0	0	0	0.34375	0	0	0	0	0	0	0	0	0	0	0	0.03125	0.15625	0.15625	0.25	0.0625	0	0	0	0
-0.00040397068844261154	0.3573280169713376	0	0	0	0.375	0	0	0	0	0	0	0	0	0	0	0	0	0.03125	0.125	0.28125	0.1875	0	0	0	0
0.00039000195854606734	0.11966395408057572	0	0	0	0.0625	0	0	0	0	0	0	0	0	0	0	0	0	0.125	0.0625	0.1875	0.5625	0	0	0	0
0.002061905440424714	0.36571324892664425	0	0	0.03125	0.40625	0	0	0	0	0	0	0	0	0	0	0	0	0.0625	0.0625	0.34375	0.09375	0	0	0	0
0.0003405305917588756	0.27551332899009967	0	0	0	0.375	0	0	0	0	0	0	0	0	0	0	0	0	0.0625	0	0.375	0.1875	0	0	0	0
-0.00035077754763209357	0.13024619866188242	0	0	0	0.1875	0	0	0	0	0	0	0	0	0	0	0	0	0.09375	0.09375	0.3125	0.3125	0	0	0	0
0.015560065642786362	0.2425427609236072	0	0	0	0.28125	0	0	0	0	0	0	0	0	0	0	0	0	0.03125	0.0625	0.34375	0.28125	0	0	0	0
-0.00024686806738337787	0.4398348309567822	0	0	0	0.34375	0	0	0	0	0	0	0	0	0	0	0	0.03125	0.0625	0.09375	0.34375	0.125	0	0	0	0
0.0006706472484405486	0.14010395254366237	0	0	0	0.1875	0	0	0	0	0	0	0	0	0	0	0	0	0.21875	0.0625	0.21875	0.3125	0	0	0	0
0.0002822195863729312	0.26037409291526653	0	0	0	0.28125	0	0	0	0	0	0	0	0	0	0	0	0	0.09375	0.03125	0.3125	0.28125	0	0	0	0
0.0011022546569178246	0.40037450792492035	0	0	0.03125	0.4375	0	0	0	0	0	0	0	0	0	0	0	0	0.09375	0.125	0.25	0.0625	0	0	0	0
0.0007250698478264334	0.4262507712346355	0	0	0.03125	0.46875	0	0	0	0	0	0	0	0	0	0	0	0	0.09375	0.125	0.15625	0.125	0	0	0	0
-0.0002594425431850149	0.3095040422914073	0	0	0	0.25	0	0	0	0	0	0	0	0	0	0	0	0	0.09375	0.09375	0.25	0.3125	0	0	0	0
-0.000507652546493272	0.28703589938837387	0	0	0	0.3125	0	0	0	0	0	0	0	0	0	0	0	0	0.09375	0.15625	0.3125	0.125	0	0	0	0
-0.00030810236971206325	0.21130636599508115	0	0	0	0.125	0	0	0	0	0	0	0	0	0	0	0	0.0625	0.125	0.0625	0.28125	0.34375	0	0	0	0
0.006911033822965544	0.24210182578314016	0	0	0	0.34375	0	0	0	0	0	0	0	0	0	0	0	0	0.125	0.0625	0.25	0.21875	0	0	0	0
0.0007722580334250116	0.18841313261107612	0	0	0	0.21875	0	0	0	0	0	0	0	0	0	0	0	0	0.09375	0.15625	0.3125	0.21875	0	0	0	0
0.0038381038930543204	0.3704511845910235	0	0	0.03125	0.4375	0	0	0	0	0	0	0	0	0	0	0	0	0.0625	0.0625	0.25	0.125	0	0	0	0.03125
-0.00020072365344175942	0.27432814853955456	0	0	0	0.25	0	0	0	0	0	0	0	0	0	0	0	0	0.03125	0.125	0.34375	0.25	0	0	0	0
0.0001233197583664381	0.2028606145249564	0	0	0	0.25	0	0	0	0	0	0	0	0	0	0	0	0	0.0625	0.125	0.25	0.3125	0	0	0	0
0.0014243126771132512	0.4189691802796218	0	0	0.0625	0.4375	0	0	0	0	0	0	0	0	0	0	0	0	0.09375	0.03125	0.34375	0.03125	0	0	0	0
-0.000517958364961871	0.3247313893446959	0	0	0	0.53125	0	0	0	0	0	0	0	0	0	0	0	0	0.0625	0.03125	0.25	0.125	0	0	0	0
-0.00040241333661918734	0.2536453533032716	0	0	0	0.34375	0	0	0	0	0	0	0	0	0	0	0	0	0.0625	0.03125	0.3125	0.25	0	0	0	0
-1.72726254418646e-05	0.2500306613210754	0	0	0	0.21875	0	0	0	0	0	0	0	0	0	0	0	0.03125	0.15625	0.09375	0.3125	0.1875	0	0	0	0
0.0020617399105931507	0.4855512050057697	0	0	0.03125	0.4375	0	0	0	0	0	0	0	0	0	0	0	0	0.1875	0.09375	0.1875	0.0625	0	0	0	0
0.002475408318089625	0.20221705176323834	0	0	0	0.21875	0	0	0	0	0	0	0	0	0	0	0	0	0.09375	0.09375	0.21875	0.375	0	0	0	0
-9.146918810382486e-05	0.20487785949959944	0	0	0.03125	0.3125	0	0	0	0	0	0	0	0	0	0	0	0	0.03125	0	0.28125	0.34375	0	0	0	0
0.0007301555388910983	0.22308451433495466	0	0	0	0.28125	0	0	0	0	0	0	0	0	0	0	0	0	0.125	0.15625	0.21875	0.21875	0	0	0	0
-0.0002229566682364847	0.2872254224829482	0	0	0	0.3125	0	0	0	0	0	0	0	0	0	0	0	0	0.0625	0	0.4375	0.1875	0	0	0	0
-9.607636053857491e-05	0.2578774746122554	0	0	0	0.25	0	0	0	0	0	0	0	0	0	0	0	0	0.15625	0.0625	0.25	0.28125	0	0	0	0
-0.0001302374669764799	0.3988667627269686	0	0	0	0.5	0	0	0	0	0	0	0	0	0	0	0	0	0.0625	0	0.34375	0.09375	0	0	0	0
0.004231333767933148	0.28302979793872174	0	0	0	0.3125	0	0	0	0	0	0	0	0	0	0	0	0	0.1875	0.1875	0.21875	0.09375	0	0	0	0
0.0014886790161334608	0.15104742547256253	0	0	0	0.3125	0	0	0	0	0	0	0	0	0	0	0	0	0.0625	0.03125	0.28125	0.3125	0	0	0	0
-0.0002526372361557721	0.3247663598660859	0	0	0.03125	0.34375	0	0	0	0	0	0	0	0	0	0	0	0.03125	0.09375	0.125	0.21875	0.15625	0	0	0	0
-0.0005168145798255114	0.31162275795352057	0	0	0	0.28125	0	0	0	0	0	0	0	0	0	0	0	0	0	0.03125	0.34375	0.34375	0	0	0	0
9.655190210667501e-05	0.29264703853361285	0	0	0	0.375	0	0	0	0	0	0	0	0	0	0	0	0	0.09375	0.09375	0.28125	0.15625	0	0	0	0
5.311897089262111e-05	0.18626378856358175	0	0	0.03125	0.40625	0	0	0	0	0	0	0	0	0	0	0	0	0.03125	0.0625	0.1875	0.28125	0	0	0	0
6.411371796578666e-05	0.20499350114257808	0	0	0.03125	0.21875	0	0	0	0	0	0	0	0	0	0	0	0	0.0625	0.09375	0.3125	0.28125	0	0	0	0
-0.00034014074107408156	0.3227165175952172	0	0	0.03125	0.21875	0	0	0	0	0	0	0	0	0	0	0	0	0.125	0.1875	0.15625	0.28125	0	0	0	0
0.00018594751396187867	0.17976381239463107	0	0	0	0.21875	0	0	0	0	0	0	0	0	0	0	0	0.0625	0.0625	0.0625	0.25	0.34375	0	0	0	0
0.0013831633157044265	0.25229312237460433	0	0	0	0.15625	0	0	0	0	0	0	0	0	0	0	0	0.03125	0	0.03125	0.3125	0.46875	0	0	0	0
-0.00044770953516889365	0.23301713110240607	0	0	0	0.28125	0	0	0	0	0	0	0	0	0	0	0	0	0.125	0	0.28125	0.3125	0	0	0	0
0.00012362775769489968	0.1442288602872499	0	0	0	0.21875	0	0	0	0	0	0	0	0	0	0	0	0.03125	0.09375	0.03125	0.3125	0.3125	0	0	0	0
-0.00045024545543302294	0.3734509497468453	0	0	0.03125	0.46875	0	0	0	0	0	0	0	0	0	0	0	0	0.0625	0.03125	0.28125	0.125	0	0	0	0
0.000338811493740203	0.12011474970502226	0	0	0	0.15625	0	0	0	0	0	0	0	0	0	0	0	0	0.09375	0.15625	0.21875	0.375	0	0	0	0
0.0018655106760530513	0.5512699284854512	0	0	0.09375	0.53125	0	0	0	0	0	0	0	0	0	0	0	0	0.125	0.0625	0.1875	0	0	0	0	0
0.00015565471749323577	0.31486637895041253	0	0	0	0.34375	0	0	0	0	0	0	0	0	0	0	0	0	0.03125	0.09375	0.3125	0.21875	0	0	0	0
-5.797493933996992e-06	0.33419008817361634	0	0	0	0.3125	0	0	0	0	0	0	0	0	0	0.03125	0	0.03125	0	0.09375	0.34375	0.1875	0	0	0	0
-0.0004202738417961824	0.15758052486059027	0	0	0	0.125	0	0	0	0	0	0	0	0	0	0	0	0.03125	0.09375	0.0625	0.21875	0.46875	0	0	0	0
-0.0003526429081214844	0.39277559703232	0	0	0	0.375	0	0	0	0	0	0	0	0	0	0	0	0	0.125	0.03125	0.21875	0.25	0	0	0	0
-0.00017208560327878139	0.45576480060900054	0	0	0	0.4375	0	0	0	0	0	0	0	0	0	0	0	0	0.09375	0.03125	0.21875	0.21875	0	0	0	0
-0.00022430231855543296	0.2560599342247463	0	0	0	0.3125	0	0	0	0	0	0	0	0	0	0	0	0	0.03125	0.1875	0.28125	0.1875	0	0	0	0
-0.00018991123843302245	0.4911368945652679	0	0	0	0.25	0	0	0	0	0	0	0	0	0	0	0	0	0.125	0.09375	0.25	0.28125	0	0	0	0
-0.000277326551399008	0.375655134730065	0	0	0	0.34375	0	0	0	0	0	0	0	0	0	0	0	0	0.15625	0.03125	0.125	0.34375	0	0	0	0
0.0002670538517447427	0.40633325873763476	0	0	0.03125	0.25	0	0	0	0	0	0	0	0	0	0	0	0	0.15625	0.09375	0.1875	0.28125	0	0	0	0
-0.00047082026028607307	0.2853539406989967	0	0	0.03125	0.25	0	0	0	0	0	0	0	0	0	0	0	0	0.03125	0.0625	0.34375	0.28125	0	0	0	0
0.0037473736919478823	0.3083026518171702	0	0	0	0.375	0	0	0	0	0	0	0	0	0	0	0	0	0.09375	0.09375	0.25	0.1875	0	0	0	0
0.0022543906227512423	0.28037281939908687	0	0	0	0.15625	0	0	0	0	0	0	0	0	0	0	0	0.03125	0.09375	0.125	0.34375	0.25	0	0	0	0
-0.00037874802317662125	0.2918759664456507	0	0	0	0.40625	0	0	0	0	0	0	0	0	0	0	0	0	0.03125	0.09375	0.34375	0.125	0	0	0	0
0.0005745389446050565	0.2070819097299601	0	0	0	0.34375	0	0	0	0	0	0	0	0	0	0	0	0	0.03125	0.1875	0.3125	0.125	0	0	0	0
0.001387962330037742	0.19654091035913418	0	0	0	0.1875	0	0	0	0	0	0	0	0	0	0	0	0	0.03125	0.0625	0.40625	0.3125	0	0	0	0
0.00442862493383091	0.4053772409472078	0	0	0.03125	0.4375	0	0	0	0	0	0	0	0	0	0	0	0	0.0625	0.1875	0.21875	0.0625	0	0	0	0
0.001169061341892293	0.25007239146129634	0	0	0	0.28125	0	0	0	0	0	0	0	0	0	0	0	0	0.125	0.0625	0.3125	0.21875	0	0	0	0
0.0011237975901777423	0.3054857637597522	0	0	0.0625	0.34375	0	0	0	0	0	0	0	0	0	0	0	0	0	0.1875	0.3125	0.09375	0	0	0	0
0.0011902242722537301	0.36498297713440164	0	0	0.03125	0.4375	0	0	0	0	0	0	0	0	0	0	0	0	0.0625	0.09375	0.25	0.125	0	0	0	0
-0.0004836055533642352	0.36382022920309826	0	0	0	0.28125	0	0	0	0	0	0	0	0	0	0	0	0.03125	0.0625	0	0.25	0.375	0	0	0	0
-0.000370388681760621	0.2709882707914917	0	0	0	0.4375	0	0	0	0	0	0	0	0	0	0	0	0	0.125	0.125	0.25	0.0625	0	0	0	0
-0.0002732194879100067	0.23150415969655053	0	0	0	0.34375	0	0	0	0	0	0	0	0	0	0	0	0	0.0625	0.0625	0.25	0.28125	0	0	0	0
-0.0003668873853027498	0.22994951760431417	0	0	0	0.3125	0	0	0	0	0	0	0	0	0	0	0	0	0.0625	0	0.3125	0.3125	0	0	0	0
-0.0004032412880963174	0.3561614537225928	0	0	0.0625	0.1875	0	0	0	0	0	0	0	0	0	0	0	0	0.125	0.0625	0.1875	0.375	0	0	0	0
0.0003893647637155833	0.20752443555670913	0	0	0	0.1875	0	0	0	0	0	0	0	0	0	0	0	0	0.09375	0.125	0.3125	0.25	0	0.03125	0	0
0.0011394691502116644	0.2543226207102423	0	0	0	0.3125	0	0	0	0	0	0	0	0	0	0	0	0	0.15625	0.21875	0.28125	0.03125	0	0	0	0
0.0008361279035891199	0.17750172351530458	0	0	0	0.3125	0	0	0	0	0	0	0	0	0	0	0	0	0.0625	0.09375	0.3125	0.21875	0	0	0	0
-0.0004566473091139415	0.15833121108017245	0	0	0	0.21875	0	0	0	0	0	0	0	0	0	0	0	0	0.15625	0.125	0.21875	0.28125	0	0	0	0
-0.00033277979874983863	0.26312336332614034	0	0	0	0.1875	0	0	0	0	0	0	0	0	0	0	0	0.03125	0.125	0.03125	0.28125	0.34375	0	0	0	0
-9.368785612194938e-06	0.2214733441681461	0	0	0	0.34375	0	0	0	0	0	0	0	0	0	0	0	0.03125	0.125	0.09375	0.25	0.15625	0	0	0	0
0.00027931166743889443	0.20260673463717238	0	0	0	0.1875	0	0	0	0	0	0	0	0	0	0	0	0	0.09375	0.03125	0.34375	0.34375	0	0	0	0
0.0002561042446720324	0.31890408627064337	0	0	0	0.25	0	0	0	0	0	0	0	0	0	0	0	0	0	0	0.375	0.375	0	0	0	0
0.0020356232480306467	0.2338012402079969	0	0	0.03125	0.1875	0	0	0	0	0	0	0	0	0	0	0	0	0.03125	0.125	0.3125	0.3125	0	0	0	0
-0.0005373712650582904	0.278610528427861	0	0	0	0.25	0	0	0	0	0	0	0	0	0	0	0	0.0625	0.09375	0.1875	0.21875	0.1875	0	0	0	0
-0.00024649753365507205	0.22127627169356334	0	0	0	0.21875	0	0	0	0	0	0	0	0	0	0	0	0.03125	0.125	0.09375	0.21875	0.3125	0	0	0	0
-0.00019795664443862272	0.23783790507982192	0	0	0	0.28125	0	0	0	0	0	0	0	0	0	0	0	0.03125	0.09375	0.03125	0.34375	0.21875	0	0	0	0
-0.0001846828960532448	0.12513923650359876	0	0	0	0.125	0	0	0	0	0	0	0	0	0	0	0	0	0.09375	0.1875	0.21875	0.375	0	0	0	0
0.0009544201643412594	0.21653999447152117	0	0	0	0.125	0	0	0	0	0	0	0	0	0	0	0	0.03125	0.03125	0.125	0.34375	0.34375	0	0	0	0
0.00034960383327140444	0.30933478258374425	0	0	0	0.3125	0	0	0	0	0	0	0	0	0	0	0	0	0.03125	0.0625	0.375	0.21875	0	0	0	0
-1.94964445594225e-05	0.15567244049967965	0	0	0	0.09375	0	0	0	0	0	0	0	0	0	0	0	0	0.1875	0.0625	0.21875	0.4375	0	0	0	0
0.00041513565373550764	0.28406622957085215	0	0	0	0.3125	0	0	0	0	0	0	0	0	0	0	0	0	0.0625	0.0625	0.40625	0.15625	0	0	0	0
0.00026850070287382476	0.2792479272256537	0	0	0	0.34375	0	0	0	0	0	0	0	0	0	0	0	0	0.09375	0.15625	0.25	0.15625	0	0	0	0
-0.0005309595514671953	0.41731423142432794	0	0	0	0.375	0	0	0	0	0	0	0	0	0	0	0	0	0.03125	0.03125	0.3125	0.25	0	0	0	0
0.007414086927930901	0.1640107255898248	0	0	0	0.25	0	0	0	0	0	0	0	0	0	0	0	0	0.09375	0.125	0.25	0.28125	0	0	0	0
0.002341095600024243	0.2662531558173151	0	0	0.03125	0.28125	0	0	0	0	0	0	0	0	0	0	0	0.03125	0.03125	0.09375	0.28125	0.25	0	0	0	0
-0.00039921936258373417	0.44724671763307966	0	0	0.0625	0.4375	0	0	0	0	0	0	0	0	0	0	0	0.03125	0.0625	0.03125	0.3125	0.0625	0	0	0	0
6.745258656878591e-05	0.21182528081026872	0	0	0	0.21875	0	0	0	0	0	0	0	0	0	0	0	0	0.0625	0.125	0.21875	0.375	0	0	0	0
0.0013923411982791904	0.3885661070747289	0	0	0	0.5	0	0	0	0	0	0	0	0	0	0	0	0	0.03125	0.03125	0.28125	0.15625	0	0	0	0
-0.00022454368919090837	0.37242031087475846	0	0	0	0.25	0	0	0	0	0	0	0	0	0	0	0	0.0625	0.09375	0.1875	0.21875	0.1875	0	0	0	0
-0.0002484305932290463	0.43460234856034213	0	0	0.03125	0.5	0	0	0	0	0	0	0	0	0	0	0	0	0.09375	0	0.25	0.09375	0	0	0	0.03125
0.0006353399058571693	0.2941339502018408	0	0	0	0.25	0	0	0	0	0	0	0	0	0	0	0	0	0.125	0.0625	0.21875	0.34375	0	0	0	0
-0.00021285481907733239	0.3574978901167872	0	0	0	0.21875	0	0	0	0	0	0	0	0	0	0	0	0.0625	0	0.1875	0.25	0.28125	0	0	0	0
0.0012456825369718592	0.44234965131378073	0	0	0	0.46875	0	0	0	0	0	0	0	0	0	0	0	0	0.125	0.03125	0.25	0.125	0	0	0	0
0.0023010890662361534	0.327614884438281	0	0	0.03125	0.46875	0	0	0	0	0	0	0	0	0	0	0	0	0.0625	0	0.34375	0.09375	0	0	0	0
-0.00012125409609772318	0.2863726636122001	0	0	0	0.25	0	0	0	0	0	0	0	0	0	0	0	0	0	0.25	0.28125	0.21875	0	0	0	0
0.0002449280946065175	0.31868152849777615	0	0	0	0.40625	0	0	0	0	0	0	0	0	0	0	0	0	0	0.0625	0.40625	0.125	0	0	0	0
-3.196172533759535e-05	0.25622056461386816	0	0	0	0.40625	0	0	0	0	0	0	0	0	0	0	0	0	0.0625	0	0.34375	0.1875	0	0	0	0
-0.0003383397668040488	0.27932988538042075	0	0	0	0.28125	0	0	0	0	0	0	0	0	0	0	0	0.03125	0.0625	0.03125	0.34375	0.25	0	0	0	0
0.00020986056421065305	0.29437684017269977	0	0	0	0.375	0	0	0	0	0	0	0	0	0	0	0	0.03125	0.125	0.1875	0.1875	0.09375	0	0	0	0
-0.00043967952265782766	0.16090479874836414	0	0	0	0.28125	0	0	0	0	0	0	0	0	0	0	0	0	0.15625	0.03125	0.34375	0.1875	0	0	0	0
0.0035505769910953583	0.48187033188699263	0	0	0	0.40625	0	0	0	0	0	0	0	0	0	0	0	0.0625	0.03125	0.125	0.3125	0.0625	0	0	0	0
0.00016401732302456532	0.29988075372391126	0	0	0	0.3125	0	0	0	0	0	0	0	0	0	0	0	0	0.0625	0.0625	0.28125	0.25	0	0.03125	0	0
-9.65419675515121e-05	0.20837336782510177	0	0	0	0.3125	0	0	0	0	0	0	0	0	0	0	0	0	0.125	0.0625	0.25	0.25	0	0	0	0
-0.00042300139878263983	0.42362558811025075	0	0	0	0.28125	0	0	0	0	0	0	0	0	0	0	0	0	0.0625	0.09375	0.28125	0.28125	0	0	0	0
0.0009661458324028633	0.34804385551523553	0	0	0.03125	0.3125	0	0	0	0	0	0	0	0	0	0	0	0	0.0625	0.0625	0.34375	0.1875	0	0	0	0
0.0035443636474378234	0.54947872731552	0	0	0.09375	0.59375	0	0	0	0	0	0	0	0	0	0	0	0	0.03125	0	0.21875	0.0625	0	0	0	0
-0.0001440435167057084	0.4779200516101367	0	0	0	0.40625	0	0	0	0	0	0	0	0	0	0	0	0	0.09375	0.0625	0.25	0.1875	0	0	0	0
-0.00046950416762376945	0.26077588536694585	0	0	0	0.375	0	0	0	0	0	0	0	0	0	0	0	0	0.125	0.09375	0.15625	0.25	0	0	0	0
0.0003516122748893197	0.5066355488217481	0	0	0	0.375	0	0	0	0	0	0	0	0	0	0	0	0	0.09375	0.0625	0.25	0.21875	0	0	0	0
0.0015985487774921733	0.42227521816519037	0	0	0.0625	0.34375	0	0	0	0	0	0	0	0	0	0	0	0	0.0625	0.03125	0.3125	0.1875	0	0	0	0
-0.00031371981608183135	0.1864727170387179	0	0	0	0.1875	0	0	0	0	0	0	0	0	0	0	0	0	0.03125	0.09375	0.3125	0.375	0	0	0	0
-0.0002285610472187329	0.18559033584960907	0	0	0	0.15625	0	0	0	0	0	0	0	0	0	0	0	0.09375	0.09375	0.03125	0.28125	0.34375	0	0	0	0
9.131322592543776e-06	0.1264169238086316	0	0	0	0.15625	0	0	0	0	0	0	0	0	0	0	0	0.0625	0.0625	0.0625	0.3125	0.34375	0	0	0	0
0.0014716468581128137	0.32417785423730977	0	0	0.0625	0.40625	0	0	0	0	0	0	0	0	0	0	0	0	0.0625	0.0625	0.34375	0.0625	0	0	0	0
-0.0005021403598836157	0.273163999376656	0	0	0.03125	0.21875	0	0	0	0	0	0	0	0	0	0	0	0	0.0625	0.15625	0.3125	0.21875	0	0	0	0
0.0011421056453278981	0.1334709597329995	0	0	0.03125	0.25	0	0	0	0	0	0	0	0	0	0	0	0	0.0625	0.03125	0.34375	0.28125	0	0	0	0
-0.00020721720865103348	0.11357886203989162	0	0	0	0.1875	0	0	0	0	0	0	0	0	0	0	0	0	0.125	0.15625	0.21875	0.3125	0	0	0	0
0.0005447221791844418	0.1732037215393415	0	0	0	0.21875	0	0	0	0	0	0	0	0	0	0	0	0	0.15625	0.125	0.1875	0.3125	0	0	0	0
-0.0003980565660377444	0.20093549351257178	0	0	0	0.25	0	0	0	0	0	0	0	0	0	0	0	0.03125	0.09375	0.21875	0.25	0.15625	0	0	0	0
-0.0002580302229262102	0.18005363880641562	0	0	0	0.34375	0	0	0	0	0	0	0	0	0	0	0	0	0.125	0.03125	0.3125	0.1875	0	0	0	0
-0.000672533598386453	0.24250754920534132	0	0	0	0.21875	0	0	0	0	0	0	0	0	0	0	0	0	0.03125	0.0625	0.40625	0.28125	0	0	0	0
0.0005453034189707491	0.2055511417580057	0	0	0	0.15625	0	0	0	0	0	0	0	0	0	0	0	0.0625	0.09375	0.09375	0.28125	0.3125	0	0	0	0
0.0005735598099792223	0.3285657920833016	0	0	0.03125	0.375	0	0	0	0	0	0	0	0	0	0	0	0	0.0625	0.21875	0.28125	0.03125	0	0	0	0
0.000741937896685407	0.24520893433562152	0	0	0	0.25	0	0	0	0	0	0	0	0	0	0	0	0	0.15625	0.0625	0.1875	0.34375	0	0	0	0
-0.00040734378107951124	0.2515804745007729	0	0	0.03125	0.25	0	0	0	0	0	0	0	0	0	0	0	0	0.0625	0.125	0.3125	0.21875	0	0	0	0
0.0009357302095798173	0.3659996973990696	0	0	0	0.3125	0	0	0	0	0	0	0	0	0	0	0	0	0.09375	0.0625	0.25	0.28125	0	0	0	0
0.000155351594444029	0.10645716961465734	0	0	0	0.1875	0	0	0	0	0	0	0	0	0	0	0	0	0.09375	0.25	0.28125	0.1875	0	0	0	0
-4.5381407503468e-05	0.2358951431837355	0	0	0	0.21875	0	0	0	0	0	0	0	0	0	0	0	0	0	0.09375	0.34375	0.3125	0	0	0	0.03125
6.213230528522243e-05	0.21756618869763283	0	0	0	0.25	0	0	0	0	0	0	0	0	0	0	0	0.0625	0.15625	0.0625	0.21875	0.25	0	0	0	0
0.004142428105234981	0.2512422530794941	0	0	0	0.3125	0	0	0	0	0	0	0	0	0	0	0	0	0.0625	0.09375	0.34375	0.1875	0	0	0	0
0.0002991168013584339	0.22902644833681535	0	0	0	0.25	0	0	0	0	0	0	0	0	0	0	0	0.03125	0.0625	0.15625	0.28125	0.21875	0	0	0	0
-2.7907609694468884e-05	0.21220101227048496	0	0	0	0.125	0	0	0	0	0	0	0	0	0	0	0	0.03125	0	0.15625	0.40625	0.28125	0	0	0	0
0.0025358157725651987	0.1384419820210484	0	0	0	0.1875	0	0	0	0	0	0	0	0	0	0	0	0	0.0625	0.03125	0.4375	0.28125	0	0	0	0
-0.00020177693936508978	0.4430314211340497	0	0	0	0.40625	0	0	0	0	0	0	0	0	0	0	0	0	0.03125	0.0625	0.34375	0.15625	0	0	0	0
-0.00019879784280297545	0.33262944733706534	0	0	0.03125	0.3125	0	0	0	0	0	0	0	0	0	0	0	0.03125	0.03125	0.09375	0.3125	0.1875	0	0	0	0
-0.00029521603897826685	0.37678025256760334	0	0	0	0.40625	0	0	0	0	0	0	0	0	0	0	0	0	0.0625	0.09375	0.28125	0.15625	0	0	0	0
8.631817602338548e-05	0.31358206199184885	0	0	0	0.375	0	0	0	0	0	0	0	0	0	0	0	0	0.09375	0.1875	0.1875	0.15625	0	0	0	0
-0.0001067626580350626	0.48855014947673914	0	0	0.03125	0.46875	0	0	0	0	0	0	0	0	0	0	0	0	0.0625	0.0625	0.25	0.125	0	0	0	0
0.006612738271463527	0.34796575983670114	0	0	0.03125	0.3125	0	0	0	0	0	0	0	0	0	0	0	0	0.0625	0.125	0.34375	0.125	0	0	0	0
-0.0005540895861414747	0.21696575347440272	0	0	0	0.25	0	0	0	0	0	0	0	0	0	0	0	0	0.125	0.03125	0.25	0.34375	0	0	0	0
-0.0006855136118311154	0.2876457828587903	0	0	0	0.21875	0	0	0	0	0	0	0	0	0	0	0	0	0.15625	0	0.21875	0.40625	0	0	0	0
-0.0003807056411619535	0.40205928784718614	0	0	0.03125	0.46875	0	0	0	0	0	0	0	0	0	0	0	0	0.0625	0.09375	0.3125	0.03125	0	0	0	0
-0.000313559264844524	0.2882791843565942	0	0	0	0.3125	0	0	0	0	0	0	0	0	0	0	0	0	0.1875	0.125	0.15625	0.21875	0	0	0	0
-4.5095746288038536e-05	0.30130056318960574	0	0	0	0.28125	0	0	0	0	0	0	0	0	0	0	0	0	0.09375	0.0625	0.28125	0.28125	0	0	0	0
-0.0005169062414841141	0.22446425746067378	0	0	0.0625	0.34375	0	0	0	0	0	0	0	0	0	0	0	0.03125	0.0625	0.09375	0.3125	0.09375	0	0	0	0
0.00031810807909581453	0.3082638153485046	0	0	0	0.25	0	0	0	0	0	0	0	0	0	0	0	0	0	0.03125	0.46875	0.25	0	0	0	0
0.0016081370751461872	0.3840609717252079	0	0	0.03125	0.40625	0	0	0	0	0	0	0	0	0	0	0	0	0	0.125	0.375	0.0625	0	0	0	0
-1.2822487037665201e-05	0.1960463495154369	0	0	0	0.3125	0	0	0	0	0	0	0	0	0	0	0	0	0.09375	0.09375	0.25	0.25	0	0	0	0
0.000792085230578611	0.41101346207795414	0	0	0.0625	0.28125	0	0	0	0	0	0	0	0	0	0	0	0	0.15625	0.0625	0.3125	0.125	0	0	0	0
0.00066069285250017	0.21438326789030782	0	0	0	0.21875	0	0	0	0	0	0	0	0	0	0	0	0	0.0625	0.0625	0.3125	0.34375	0	0	0	0
0.00012738106904480533	0.2060425602241951	0	0	0	0.375	0	0	0	0	0	0	0	0	0	0	0	0.03125	0.0625	0.0625	0.3125	0.15625	0	0	0	0
0.00023536460371222843	0.41117019155685675	0	0	0	0.40625	0	0	0	0	0	0	0	0	0	0	0	0.03125	0.09375	0.0625	0.25	0.15625	0	0	0	0
-0.00036528314962469934	0.28892360723215194	0	0	0	0.28125	0	0	0	0	0	0	0	0	0	0	0	0	0.0625	0.125	0.375	0.15625	0	0	0	0
0.002063431928923053	0.192501197410272	0	0	0	0.25	0	0	0	0	0	0	0	0	0	0	0	0	0.03125	0.0625	0.375	0.28125	0	0	0	0
-3.2871730339833983e-05	0.3706654076679222	0	0	0.03125	0.34375	0	0	0	0	0	0	0	0	0	0	0	0	0.1875	0.1875	0.15625	0.09375	0	0	0	0
-0.0002730405025568034	0.2828812766310037	0	0	0.03125	0.25	0	0	0	0	0	0	0	0	0	0	0	0	0.0625	0.09375	0.3125	0.25	0	0	0	0
-9.847061241852836e-05	0.2952703396066626	0	0	0	0.34375	0	0	0	0	0	0	0	0	0	0	0	0	0	0.125	0.3125	0.21875	0	0	0	0
0.0015564503593345396	0.45389182630945735	0	0	0	0.3125	0	0	0	0	0	0	0	0	0	0	0	0.03125	0.03125	0.125	0.34375	0.15625	0	0	0	0
0.0010229632337898395	0.23761426079245185	0	0	0	0.375	0	0	0	0	0	0	0	0	0	0	0	0	0.125	0.0625	0.25	0.1875	0	0	0	0
-0.00037934301600949183	0.2683545019893099	0	0	0	0.21875	0	0	0	0	0	0	0	0	0	0	0	0	0.125	0.09375	0.40625	0.15625	0	0	0	0
0.0003823095714237427	0.3401124030996929	0	0	0	0.28125	0	0	0	0	0	0	0	0	0	0	0	0.03125	0.09375	0.09375	0.40625	0.09375	0	0	0	0
0.008173072704586136	0.3605995505170964	0	0	0	0.46875	0	0	0	0	0	0	0	0	0	0	0	0	0.03125	0	0.40625	0.09375	0	0	0	0
-0.0004994542382201817	0.321710101822358	0	0	0	0.40625	0	0	0	0	0	0	0	0	0	0	0	0	0.125	0.03125	0.28125	0.15625	0	0	0	0
0.0015877674070596621	0.3066171934017401	0	0	0	0.34375	0	0	0	0	0	0	0	0	0	0	0	0	0.09375	0.0625	0.28125	0.21875	0	0	0	0
0.0004903206728962632	0.29515323413045075	0	0	0	0.46875	0	0	0	0	0	0	0	0	0	0	0	0	0.0625	0.0625	0.25	0.15625	0	0	0	0
-0.0006087988991747115	0.3361245992740624	0	0	0	0.40625	0	0	0	0	0	0	0	0	0	0	0	0.03125	0.15625	0.0625	0.15625	0.1875	0	0	0	0
-0.000536763260760705	0.23554837174259197	0	0	0	0.1875	0	0	0	0	0	0	0	0	0	0	0	0	0.125	0.15625	0.28125	0.25	0	0	0	0
-0.00038486369559691583	0.3827364780296239	0	0	0.03125	0.28125	0	0	0	0	0	0	0	0	0	0	0	0	0.09375	0.125	0.21875	0.25	0	0	0	0
-0.0004735605547839761	0.2291871977425766	0	0	0	0.15625	0	0	0	0	0	0	0	0	0	0	0	0	0.0625	0.1875	0.25	0.34375	0	0	0	0
-0.0002655384262220045	0.33166142431855833	0	0	0	0.34375	0	0	0	0	0	0	0	0	0	0	0	0.03125	0.09375	0.09375	0.15625	0.28125	0	0	0	0
-0.00016130937955866902	0.1805291807733776	0	0	0	0.34375	0	0	0	0	0	0	0	0	0	0	0	0	0.15625	0	0.25	0.25	0	0	0	0
-0.0003380591742906943	0.4045903505838232	0	0	0.03125	0.34375	0	0	0	0	0	0	0	0	0	0	0	0.03125	0.15625	0.125	0.1875	0.125	0	0	0	0
0.0007674214088815445	0.3961259568195363	0	0	0	0.40625	0	0	0	0	0	0	0	0	0	0	0	0	0	0.125	0.34375	0.125	0	0	0	0
0.00022505220484644593	0.16382685021498605	0	0	0	0.1875	0	0	0	0	0	0	0	0	0	0	0	0.03125	0.09375	0.0625	0.40625	0.21875	0	0	0	0
0.001866908844223608	0.2953754775394104	0	0	0	0.1875	0	0	0	0	0	0	0	0	0	0	0	0	0.09375	0.15625	0.34375	0.21875	0	0	0	0
-0.0004902907425296572	0.4077984139109799	0	0	0	0.3125	0	0	0	0	0	0	0	0	0	0	0	0	0.0625	0.0625	0.28125	0.28125	0	0	0	0
-0.0004386955262068482	0.2785910912363817	0	0	0	0.34375	0	0	0	0	0	0	0	0	0	0	0	0	0.09375	0.03125	0.21875	0.3125	0	0	0	0
0.0011693271115355182	0.3250624757854558	0	0	0	0.46875	0	0	0	0	0	0	0	0	0	0	0	0	0.09375	0.0625	0.1875	0.1875	0	0	0	0
0.001763486169066058	0.2114214920220448	0	0	0	0.21875	0	0	0	0	0	0	0	0	0	0	0	0	0.125	0.09375	0.28125	0.28125	0	0	0	0
0.0007363796269627857	0.49155046261490576	0	0	0	0.46875	0	0	0	0	0	0	0	0	0	0	0	0	0.0625	0.03125	0.28125	0.15625	0	0	0	0
-0.00038712047672820457	0.2564173440507513	0	0	0	0.40625	0	0	0	0	0	0	0	0	0	0	0	0	0.125	0.09375	0.21875	0.15625	0	0	0	0
